SQL> SET serveroutput on;
SQL> set sqlformat ansiconsole;
SQL> 
SQL> /*Database Administrator Account Procedure*/
SQL> connect sys/brr1wik7 as sysdba;
Connected.
SQL> show user;
USER is "SYS"
SQL> DROP USER InstructorDBA cascade;

User INSTRUCTORDBA dropped.

SQL> Create user InstructorDBA identified by brr1wik7;

User INSTRUCTORDBA created.

SQL> grant create session to InstructorDBA;

Grant succeeded.

SQL> grant dba to InstructorDBA;

Grant succeeded.

SQL> grant execute on dbms_rls to InstructorDBA;

Grant succeeded.

SQL> connect InstructorDBA/brr1wik7;
Connected.
SQL> show user;
USER is "INSTRUCTORDBA"
SQL> 
SQL> /* Drop tables, sequence, and other objects you create*/
SQL> DROP TABLE Student_Class_Signup;

Error starting at line : 17 in command -
DROP TABLE Student_Class_Signup
Error report -
ORA-00942: table or view does not exist
00942. 00000 -  "table or view does not exist"
*Cause:    
*Action:
SQL> DROP TABLE Instr_Classes;

Error starting at line : 18 in command -
DROP TABLE Instr_Classes
Error report -
ORA-00942: table or view does not exist
00942. 00000 -  "table or view does not exist"
*Cause:    
*Action:
SQL> DROP TABLE Student_List;

Error starting at line : 19 in command -
DROP TABLE Student_List
Error report -
ORA-00942: table or view does not exist
00942. 00000 -  "table or view does not exist"
*Cause:    
*Action:
SQL> DROP TABLE Instr_List;

Error starting at line : 20 in command -
DROP TABLE Instr_List
Error report -
ORA-00942: table or view does not exist
00942. 00000 -  "table or view does not exist"
*Cause:    
*Action:
SQL> DROP TABLE Course_List;

Error starting at line : 21 in command -
DROP TABLE Course_List
Error report -
ORA-00942: table or view does not exist
00942. 00000 -  "table or view does not exist"
*Cause:    
*Action:
SQL> DROP TABLE Admin_List;

Error starting at line : 22 in command -
DROP TABLE Admin_List
Error report -
ORA-00942: table or view does not exist
00942. 00000 -  "table or view does not exist"
*Cause:    
*Action:
SQL> DROP TABLE Section_Info;

Error starting at line : 23 in command -
DROP TABLE Section_Info
Error report -
ORA-00942: table or view does not exist
00942. 00000 -  "table or view does not exist"
*Cause:    
*Action:
SQL> DROP TABLE Class_Sched;

Error starting at line : 24 in command -
DROP TABLE Class_Sched
Error report -
ORA-00942: table or view does not exist
00942. 00000 -  "table or view does not exist"
*Cause:    
*Action:
SQL> DROP SEQUENCE SectionNum_Seq;

Error starting at line : 25 in command -
DROP SEQUENCE SectionNum_Seq
Error report -
ORA-02289: sequence does not exist
02289. 00000 -  "sequence does not exist"
*Cause:    The specified sequence does not exist, or the user does
           not have the required privilege to perform this operation.
*Action:   Make sure the sequence name is correct, and that you have
           the right to perform the desired operation on this sequence.
SQL> DROP SEQUENCE InstrNum_Seq;

Error starting at line : 26 in command -
DROP SEQUENCE InstrNum_Seq
Error report -
ORA-02289: sequence does not exist
02289. 00000 -  "sequence does not exist"
*Cause:    The specified sequence does not exist, or the user does
           not have the required privilege to perform this operation.
*Action:   Make sure the sequence name is correct, and that you have
           the right to perform the desired operation on this sequence.
SQL> DROP SEQUENCE CourseNum_Seq;

Error starting at line : 27 in command -
DROP SEQUENCE CourseNum_Seq
Error report -
ORA-02289: sequence does not exist
02289. 00000 -  "sequence does not exist"
*Cause:    The specified sequence does not exist, or the user does
           not have the required privilege to perform this operation.
*Action:   Make sure the sequence name is correct, and that you have
           the right to perform the desired operation on this sequence.
SQL> DROP SEQUENCE AdminNum_Seq;

Error starting at line : 28 in command -
DROP SEQUENCE AdminNum_Seq
Error report -
ORA-02289: sequence does not exist
02289. 00000 -  "sequence does not exist"
*Cause:    The specified sequence does not exist, or the user does
           not have the required privilege to perform this operation.
*Action:   Make sure the sequence name is correct, and that you have
           the right to perform the desired operation on this sequence.
SQL> DROP SEQUENCE SchedNum_Seq;

Error starting at line : 29 in command -
DROP SEQUENCE SchedNum_Seq
Error report -
ORA-02289: sequence does not exist
02289. 00000 -  "sequence does not exist"
*Cause:    The specified sequence does not exist, or the user does
           not have the required privilege to perform this operation.
*Action:   Make sure the sequence name is correct, and that you have
           the right to perform the desired operation on this sequence.
SQL> DROP SEQUENCE StudentNum_Seq;

Error starting at line : 30 in command -
DROP SEQUENCE StudentNum_Seq
Error report -
ORA-02289: sequence does not exist
02289. 00000 -  "sequence does not exist"
*Cause:    The specified sequence does not exist, or the user does
           not have the required privilege to perform this operation.
*Action:   Make sure the sequence name is correct, and that you have
           the right to perform the desired operation on this sequence.
SQL> 
SQL> /* Create tables */
SQL> CREATE TABLE Section_Info
  2  (
  3    Section_Num		INTEGER         NOT NULL,
  4    Section_Name	VARCHAR (100),	
  5    Section_Address	VARCHAR (100),	
  6    Section_FoS		VARCHAR (100),	
  7    Section_ZipCode	VARCHAR(10),
  8    CONSTRAINT    pk_section PRIMARY KEY (Section_Num)
  9  );

Table SECTION_INFO created.

SQL> 
SQL> DESCRIBE Section_Info;
Name              Null?      Type            
SECTION_NUM       NOT NULL   NUMBER(38)      
SECTION_NAME                 VARCHAR2(100)   
SECTION_ADDRESS              VARCHAR2(100)   
SECTION_FOS                  VARCHAR2(100)   
SECTION_ZIPCODE              VARCHAR2(10)    

SQL> 
SQL> CREATE TABLE Admin_List
  2  (
  3    Admin_Num		  INTEGER         NOT NULL,
  4    Admin_Address   VARCHAR (100),
  5    Admin_PhoneNum  VARCHAR (20),
  6    Section_Num     INTEGER         NOT NULL,
  7    Admin_LName     VARCHAR (20),
  8    Admin_FName     VARCHAR (20),
  9    Admin_ZipCode   VARCHAR (10),
 10    CONSTRAINT  pk_Admin PRIMARY KEY (Admin_Num),
 11    CONSTRAINT  fk_Admin_Section FOREIGN KEY (Section_Num) 
 12      REFERENCES Section_Info
 13  );

Table ADMIN_LIST created.

SQL> 
SQL> DESCRIBE Admin_List;
Name             Null?      Type            
ADMIN_NUM        NOT NULL   NUMBER(38)      
ADMIN_ADDRESS               VARCHAR2(100)   
ADMIN_PHONENUM              VARCHAR2(20)    
SECTION_NUM      NOT NULL   NUMBER(38)      
ADMIN_LNAME                 VARCHAR2(20)    
ADMIN_FNAME                 VARCHAR2(20)    
ADMIN_ZIPCODE               VARCHAR2(10)    

SQL> 
SQL> 
SQL> CREATE TABLE Student_List
  2  (
  3    Student_Num		  INTEGER         NOT NULL,
  4    Student_Address   VARCHAR (100),
  5    Student_PhoneNum  VARCHAR (20),
  6    Student_LName     VARCHAR (20),
  7    Student_FName     VARCHAR (20),
  8    Student_ZipCode   VARCHAR (10),
  9    CONSTRAINT  pk_Student PRIMARY KEY (Student_Num)
 10  );

Table STUDENT_LIST created.

SQL> 
SQL> DESCRIBE Student_List;
Name               Null?      Type            
STUDENT_NUM        NOT NULL   NUMBER(38)      
STUDENT_ADDRESS               VARCHAR2(100)   
STUDENT_PHONENUM              VARCHAR2(20)    
STUDENT_LNAME                 VARCHAR2(20)    
STUDENT_FNAME                 VARCHAR2(20)    
STUDENT_ZIPCODE               VARCHAR2(10)    

SQL> 
SQL> 
SQL> CREATE TABLE Instr_List
  2  (
  3    Instr_Num		    INTEGER         NOT NULL,
  4    Instr_Address   VARCHAR (100),
  5    Instr_PhoneNum  VARCHAR (20),
  6    Section_Num     INTEGER         NOT NULL,
  7    Instr_LName     VARCHAR (20),
  8    Instr_FName     VARCHAR (20),
  9    Instr_ZipCode   VARCHAR (10),
 10    CONSTRAINT  pk_Instr PRIMARY KEY (Instr_Num),
 11    CONSTRAINT  fk_Instr_Section FOREIGN KEY (Section_Num) 
 12      REFERENCES Section_Info
 13  );

Table INSTR_LIST created.

SQL> 
SQL> DESCRIBE Instr_List;
Name             Null?      Type            
INSTR_NUM        NOT NULL   NUMBER(38)      
INSTR_ADDRESS               VARCHAR2(100)   
INSTR_PHONENUM              VARCHAR2(20)    
SECTION_NUM      NOT NULL   NUMBER(38)      
INSTR_LNAME                 VARCHAR2(20)    
INSTR_FNAME                 VARCHAR2(20)    
INSTR_ZIPCODE               VARCHAR2(10)    

SQL> 
SQL> 
SQL> CREATE TABLE Course_List
  2  (
  3    Course_Num            INTEGER         NOT NULL,
  4    Course_Name           VARCHAR (100),
  5    Admin_Num             INTEGER         NOT NULL,
  6    Course_Desc           VARCHAR (1000),
  7    Course_Hours          INTEGER,
  8    Section_Num           INTEGER         NOT NULL,
  9    CONSTRAINT  pk_Course PRIMARY KEY (Course_Num),
 10    CONSTRAINT fk_Course_Section  FOREIGN KEY (Section_Num)
 11      REFERENCES Section_Info,
 12    CONSTRAINT fk_Admin  FOREIGN KEY (Admin_Num)
 13      REFERENCES Admin_List
 14  
 15  );

Table COURSE_LIST created.

SQL> 
SQL> DESCRIBE Course_List;
Name           Null?      Type             
COURSE_NUM     NOT NULL   NUMBER(38)       
COURSE_NAME               VARCHAR2(100)    
ADMIN_NUM      NOT NULL   NUMBER(38)       
COURSE_DESC               VARCHAR2(1000)   
COURSE_HOURS              NUMBER(38)       
SECTION_NUM    NOT NULL   NUMBER(38)       

SQL> 
SQL> 
SQL> CREATE TABLE Class_Sched
  2  (
  3    Sched_Num       INTEGER       NOT NULL,
  4    Sched_Day       VARCHAR (100),
  5    Sched_Time      VARCHAR (10),
  6    Sched_Day_Off   VARCHAR (100),
  7    Sched_Notes     VARCHAR (1000),
  8    CONSTRAINT  pk_Schedule PRIMARY KEY (Sched_Num)
  9  );

Table CLASS_SCHED created.

SQL> 
SQL> DESCRIBE Class_Sched;
Name            Null?      Type             
SCHED_NUM       NOT NULL   NUMBER(38)       
SCHED_DAY                  VARCHAR2(100)    
SCHED_TIME                 VARCHAR2(10)     
SCHED_DAY_OFF              VARCHAR2(100)    
SCHED_NOTES                VARCHAR2(1000)   

SQL> 
SQL> CREATE TABLE Instr_Classes
  2  (
  3  
  4    Instr_Num       INTEGER         NOT NULL,
  5    Sched_Num       INTEGER         NOT NULL,
  6    Course_Num      INTEGER         NOT NULL,
  7    Class_Notes     VARCHAR (1000),
  8    Class_Room      VARCHAR (5),
  9    CONSTRAINT pk_Class  PRIMARY KEY (Instr_Num, Sched_Num),
 10    CONSTRAINT fk_Instr  FOREIGN KEY (Instr_Num)
 11      REFERENCES Instr_List
 12      ON DELETE CASCADE,
 13    CONSTRAINT fk_Sched  FOREIGN KEY (Sched_Num)
 14      REFERENCES Class_Sched
 15      ON DELETE CASCADE,
 16    CONSTRAINT fk_Course FOREIGN KEY (Course_Num)
 17      REFERENCES Course_List
 18      ON DELETE CASCADE
 19  );

Table INSTR_CLASSES created.

SQL> 
SQL> DESCRIBE Instr_Classes;
Name          Null?      Type             
INSTR_NUM     NOT NULL   NUMBER(38)       
SCHED_NUM     NOT NULL   NUMBER(38)       
COURSE_NUM    NOT NULL   NUMBER(38)       
CLASS_NOTES              VARCHAR2(1000)   
CLASS_ROOM               VARCHAR2(5)      

SQL> 
SQL> 
SQL> CREATE TABLE Student_Class_Signup
  2  (
  3    Student_Num	  INTEGER         NOT NULL,
  4    Instr_Num       INTEGER         NOT NULL,
  5    Sched_Num       INTEGER         NOT NULL,
  6    Student_Grade   VARCHAR (5),
  7    CONSTRAINT pk_StudentSignup  PRIMARY KEY (Student_Num, Instr_Num, Sched_Num),
  8    CONSTRAINT fk_Student FOREIGN KEY (Student_Num)
  9      REFERENCES Student_List
 10      ON DELETE CASCADE,
 11    CONSTRAINT fk_S_InstrClasses  FOREIGN KEY (Instr_Num, Sched_Num)
 12      REFERENCES Instr_Classes(Instr_Num, Sched_Num)
 13      ON DELETE CASCADE
 14  );

Table STUDENT_CLASS_SIGNUP created.

SQL> /* Create indexes on foreign keys*/
SQL> 
SQL> CREATE INDEX fk_Course_List_Index on Course_List(Section_Num);

Index FK_COURSE_LIST_INDEX created.

SQL> CREATE INDEX fk_Course_Admin_Index on Course_List(Admin_Num);

Index FK_COURSE_ADMIN_INDEX created.

SQL> CREATE INDEX fk_Instr_Index on Instr_List(Section_Num);

Index FK_INSTR_INDEX created.

SQL> CREATE INDEX fk_Admin_Index on Admin_List(Section_Num);

Index FK_ADMIN_INDEX created.

SQL> CREATE INDEX fk_InstrClass_Index on Instr_Classes(Instr_Num);

Index FK_INSTRCLASS_INDEX created.

SQL> CREATE INDEX fk_ClassSched_Index on Instr_Classes(Sched_Num);

Index FK_CLASSSCHED_INDEX created.

SQL> CREATE INDEX fk_CourseClass_Index on Instr_Classes(Course_Num);

Index FK_COURSECLASS_INDEX created.

SQL> CREATE INDEX fk_Student_StudentSignup_Index on Student_Class_Signup(Student_Num);

Index FK_STUDENT_STUDENTSIGNUP_INDEX created.

SQL> CREATE INDEX fk_Instr_StudentSignup_Index on Student_Class_Signup(Instr_Num);

Index FK_INSTR_STUDENTSIGNUP_INDEX created.

SQL> CREATE INDEX fk_Sched_StudentSignup_Index on Student_Class_Signup(Sched_Num);

Index FK_SCHED_STUDENTSIGNUP_INDEX created.

SQL> 
SQL> /* Create trigger */
SQL> /*This trigger will display a message when a row is added to Instr_Classes*/
SQL> CREATE OR REPLACE TRIGGER SchedClass_Trigger AFTER INSERT ON Instr_Classes
  2    FOR EACH ROW
  3      BEGIN
  4        dbms_output.put_line ('A class has been added!!');
  5      END;
  6  /

Trigger SCHEDCLASS_TRIGGER compiled

SQL> /* Create sequence*/
SQL> 
SQL> CREATE SEQUENCE SectionNum_Seq
  2    START WITH 1
  3    INCREMENT BY 1;

Sequence SECTIONNUM_SEQ created.

SQL> 
SQL> CREATE SEQUENCE AdminNum_Seq
  2    START WITH 1
  3    INCREMENT BY 1;

Sequence ADMINNUM_SEQ created.

SQL> 
SQL> CREATE SEQUENCE InstrNum_Seq
  2    START WITH 1
  3    INCREMENT BY 1;

Sequence INSTRNUM_SEQ created.

SQL> 
SQL> CREATE SEQUENCE CourseNum_Seq
  2    START WITH 1
  3    INCREMENT BY 1;

Sequence COURSENUM_SEQ created.

SQL> 
SQL> CREATE SEQUENCE SchedNum_Seq
  2    START WITH 1
  3    INCREMENT BY 1;

Sequence SCHEDNUM_SEQ created.

SQL> 
SQL> CREATE SEQUENCE StudentNum_Seq
  2    START WITH 1
  3    INCREMENT BY 1;

Sequence STUDENTNUM_SEQ created.

SQL> 
SQL> /* Insert 10 or more rows into each table */
SQL> 
SQL> 
SQL> INSERT INTO Section_Info (Section_Num,            Section_Name,               Section_Address,     Section_FoS,       Section_ZipCode)
  2      VALUES               (SectionNum_Seq.NEXTVAL, 'Computer Science Section', '110 Finegand Place','Computer Science','31088');

1 row inserted.

SQL> INSERT INTO Section_Info (Section_Num,             Section_Name, Section_Address,     Section_FoS,Section_ZipCode)
  2      VALUES               (SectionNum_Seq.NEXTVAL, 'Art Section', '111 Finegand Place','Art','31088');

1 row inserted.

SQL> INSERT INTO Section_Info (Section_Num,            Section_Name,       Section_Address,     Section_FoS,Section_ZipCode)
  2      VALUES               (SectionNum_Seq.NEXTVAL, 'Aircraft Section', '112 Finegand Place','Aircraft','31088');

1 row inserted.

SQL> INSERT INTO Section_Info (Section_Num,            Section_Name,       Section_Address,    Section_FoS,Section_ZipCode)
  2      VALUES               (SectionNum_Seq.NEXTVAL, 'Robotic Section', '113 Finegand Place','Robotics','31088');

1 row inserted.

SQL> INSERT INTO Section_Info (Section_Num,            Section_Name,       Section_Address,     Section_FoS,          Section_ZipCode)
  2      VALUES               (SectionNum_Seq.NEXTVAL, 'Database Section', '114 Finegand Place','Database Technology','31088');

1 row inserted.

SQL> INSERT INTO Section_Info (Section_Num,            Section_Name,      Section_Address,     Section_FoS,       Section_ZipCode)
  2      VALUES               (SectionNum_Seq.NEXTVAL, 'English Section', '115 Finegand Place','English language','31088');

1 row inserted.

SQL> INSERT INTO Section_Info (Section_Num,            Section_Name,      Section_Address,     Section_FoS, Section_ZipCode)
  2      VALUES               (SectionNum_Seq.NEXTVAL, 'Physics Section', '116 Finegand Place','Physics','31088');

1 row inserted.

SQL> INSERT INTO Section_Info (Section_Num,            Section_Name,        Section_Address,     Section_FoS,Section_ZipCode)
  2      VALUES               (SectionNum_Seq.NEXTVAL, 'Chemistry Section', '117 Finegand Place','Chemistry','31088');

1 row inserted.

SQL> INSERT INTO Section_Info (Section_Num,            Section_Name,      Section_Address,     Section_FoS,       Section_ZipCode)
  2      VALUES               (SectionNum_Seq.NEXTVAL, 'Spanish Section', '118 Finegand Place','Spanish language','31088');

1 row inserted.

SQL> INSERT INTO Section_Info (Section_Num,            Section_Name,         Section_Address,     Section_FoS,           Section_ZipCode)
  2      VALUES               (SectionNum_Seq.NEXTVAL, 'Automotive Section', '119 Finegand Place','Automotive Mechanics','31088');

1 row inserted.

SQL> INSERT INTO Section_Info (Section_Num,            Section_Name,           Section_Address,     Section_FoS,   Section_ZipCode)
  2      VALUES               (SectionNum_Seq.NEXTVAL, 'Space Travel Section', '120 Finegand Place','Space Travel','31088');

1 row inserted.

SQL> 
SQL> INSERT INTO Admin_List  (Admin_Num,           Admin_Address,     Admin_PhoneNum, Section_Num, Admin_LName, Admin_FName, Admin_ZipCode)
  2      VALUES              (AdminNum_Seq.NEXTVAL,'501 Orange Park','111-333-3434', '1',         'Evans',   'Bob',      '31004');

1 row inserted.

SQL> INSERT INTO Admin_List  (Admin_Num,           Admin_Address,     Admin_PhoneNum, Section_Num, Admin_LName, Admin_FName, Admin_ZipCode)
  2      VALUES              (AdminNum_Seq.NEXTVAL,'502 Orange Park','111-333-3435', '2',         'Johnson',   'Mike',      '31004');

1 row inserted.

SQL> INSERT INTO Admin_List  (Admin_Num,           Admin_Address,     Admin_PhoneNum, Section_Num, Admin_LName, Admin_FName, Admin_ZipCode)
  2      VALUES              (AdminNum_Seq.NEXTVAL,'503 Orange Park','111-333-3436', '3',         'Jenkins',     'Mary',      '31004');

1 row inserted.

SQL> INSERT INTO Admin_List  (Admin_Num,           Admin_Address,     Admin_PhoneNum, Section_Num, Admin_LName, Admin_FName, Admin_ZipCode)
  2      VALUES              (AdminNum_Seq.NEXTVAL,'504 Orange Park','111-333-3437', '4',         'Russell',   'Jim',      '31004');

1 row inserted.

SQL> INSERT INTO Admin_List  (Admin_Num,           Admin_Address,     Admin_PhoneNum, Section_Num, Admin_LName, Admin_FName, Admin_ZipCode)
  2      VALUES              (AdminNum_Seq.NEXTVAL,'505 Orange Park','111-333-3438', '5',         'Bargueno',      'Patricia',  '31004');

1 row inserted.

SQL> INSERT INTO Admin_List  (Admin_Num,           Admin_Address,     Admin_PhoneNum, Section_Num, Admin_LName, Admin_FName, Admin_ZipCode)
  2      VALUES              (AdminNum_Seq.NEXTVAL,'506 Orange Park','111-333-3439', '6',         'Hopkins',     'John',      '31004');

1 row inserted.

SQL> INSERT INTO Admin_List  (Admin_Num,           Admin_Address,     Admin_PhoneNum, Section_Num, Admin_LName, Admin_FName, Admin_ZipCode)
  2      VALUES              (AdminNum_Seq.NEXTVAL,'507 Orange Park','111-333-3440', '7',         'Smith',    'Will',     '31004');

1 row inserted.

SQL> INSERT INTO Admin_List  (Admin_Num,           Admin_Address,     Admin_PhoneNum, Section_Num, Admin_LName, Admin_FName, Admin_ZipCode)
  2      VALUES              (AdminNum_Seq.NEXTVAL,'508 Orange Park','111-333-3441', '8',         'Brown',    'Adam',      '31004');

1 row inserted.

SQL> INSERT INTO Admin_List  (Admin_Num,           Admin_Address,     Admin_PhoneNum, Section_Num, Admin_LName, Admin_FName, Admin_ZipCode)
  2      VALUES              (AdminNum_Seq.NEXTVAL,'509 Orange Park','111-333-3442', '9',         'Williams',     'Shane',     '31004');

1 row inserted.

SQL> INSERT INTO Admin_List  (Admin_Num,           Admin_Address,     Admin_PhoneNum, Section_Num, Admin_LName, Admin_FName, Admin_ZipCode)
  2      VALUES              (AdminNum_Seq.NEXTVAL,'510 Orange Park','111-333-3443', '10',        'Robins',    'Amber',      '31004');

1 row inserted.

SQL> INSERT INTO Admin_List  (Admin_Num,           Admin_Address,     Admin_PhoneNum, Section_Num, Admin_LName, Admin_FName, Admin_ZipCode)
  2      VALUES              (AdminNum_Seq.NEXTVAL,'511 Orange Park','111-333-3444', '4',        'Hawkins',    'Tim',      '31004');

1 row inserted.

SQL> 
SQL> INSERT INTO Student_List  (Student_Num,           Student_Address,     Student_PhoneNum, Student_LName, Student_FName, Student_ZipCode)
  2      VALUES              (StudentNum_Seq.NEXTVAL,'Dorm 1','222-333-3434',       'Gilbert',   'Sarah',      '31005');

1 row inserted.

SQL> INSERT INTO Student_List  (Student_Num,           Student_Address,     Student_PhoneNum, Student_LName, Student_FName, Student_ZipCode)
  2      VALUES              (StudentNum_Seq.NEXTVAL,'Dorm 2','222-333-3435',         'Myers',   'James',      '31005');

1 row inserted.

SQL> INSERT INTO Student_List  (Student_Num,           Student_Address,     Student_PhoneNum, Student_LName, Student_FName, Student_ZipCode)
  2      VALUES              (StudentNum_Seq.NEXTVAL,'Dorm 3','222-333-3436',          'Howard',     'Rico',      '31005');

1 row inserted.

SQL> INSERT INTO Student_List  (Student_Num,           Student_Address,     Student_PhoneNum, Student_LName, Student_FName, Student_ZipCode)
  2      VALUES              (StudentNum_Seq.NEXTVAL,'Dorm 4','222-333-3437',          'Bush',   'Donald',      '31005');

1 row inserted.

SQL> INSERT INTO Student_List  (Student_Num,           Student_Address,     Student_PhoneNum, Student_LName, Student_FName, Student_ZipCode)
  2      VALUES              (StudentNum_Seq.NEXTVAL,'Dorm 5','222-333-3438',          'Simmons',      'Bill',  '31005');

1 row inserted.

SQL> INSERT INTO Student_List  (Student_Num,           Student_Address,     Student_PhoneNum, Student_LName, Student_FName, Student_ZipCode)
  2      VALUES              (StudentNum_Seq.NEXTVAL,'Dorm 6','222-333-3439',          'Aultman',     'Richard',      '31005');

1 row inserted.

SQL> INSERT INTO Student_List  (Student_Num,           Student_Address,     Student_PhoneNum, Student_LName, Student_FName, Student_ZipCode)
  2      VALUES              (StudentNum_Seq.NEXTVAL,'Dorm 7','222-333-3440',          'Ruger',    'Victoria',     '31005');

1 row inserted.

SQL> INSERT INTO Student_List  (Student_Num,           Student_Address,     Student_PhoneNum, Student_LName, Student_FName, Student_ZipCode)
  2      VALUES              (StudentNum_Seq.NEXTVAL,'Dorm 8','222-333-3441',          'Thomas',    'Melissa',      '31005');

1 row inserted.

SQL> INSERT INTO Student_List  (Student_Num,           Student_Address,     Student_PhoneNum, Student_LName, Student_FName, Student_ZipCode)
  2      VALUES              (StudentNum_Seq.NEXTVAL,'Dorm 9','222-333-3442',          'Synder',     'Jennifer',     '31005');

1 row inserted.

SQL> INSERT INTO Student_List  (Student_Num,           Student_Address,     Student_PhoneNum, Student_LName, Student_FName, Student_ZipCode)
  2      VALUES              (StudentNum_Seq.NEXTVAL,'Dorm 10','222-333-3443',         'Baker',    'Elizabeth',      '31005');

1 row inserted.

SQL> INSERT INTO Student_List  (Student_Num,           Student_Address,     Student_PhoneNum, Student_LName, Student_FName, Student_ZipCode)
  2      VALUES              (StudentNum_Seq.NEXTVAL,'Dorm 11','222-333-3444',         'Pines',    'Matt',      '31005');

1 row inserted.

SQL> 
SQL> 
SQL> 
SQL> INSERT INTO Instr_List  (Instr_Num,           Instr_Address,     Instr_PhoneNum, Section_Num, Instr_LName, Instr_FName, Instr_ZipCode)
  2      VALUES              (InstrNum_Seq.NEXTVAL,'101 Apple Street','111-222-3434', '1',         'Roberts',   'John',      '31003');

1 row inserted.

SQL> INSERT INTO Instr_List  (Instr_Num,           Instr_Address,     Instr_PhoneNum, Section_Num, Instr_LName, Instr_FName, Instr_ZipCode)
  2      VALUES              (InstrNum_Seq.NEXTVAL,'102 Apple Street','111-222-3435', '2',         'Russell',   'Brandon',      '31003');

1 row inserted.

SQL> INSERT INTO Instr_List  (Instr_Num,           Instr_Address,     Instr_PhoneNum, Section_Num, Instr_LName, Instr_FName, Instr_ZipCode)
  2      VALUES              (InstrNum_Seq.NEXTVAL,'103 Apple Street','111-222-3436', '3',         'Lopez',     'Mike',      '31003');

1 row inserted.

SQL> INSERT INTO Instr_List  (Instr_Num,           Instr_Address,     Instr_PhoneNum, Section_Num, Instr_LName, Instr_FName, Instr_ZipCode)
  2      VALUES              (InstrNum_Seq.NEXTVAL,'104 Apple Street','111-222-3437', '4',         'Monteor',   'Jim',      '31003');

1 row inserted.

SQL> INSERT INTO Instr_List  (Instr_Num,           Instr_Address,     Instr_PhoneNum, Section_Num, Instr_LName, Instr_FName, Instr_ZipCode)
  2      VALUES              (InstrNum_Seq.NEXTVAL,'105 Apple Street','111-222-3438', '5',         'Hamm',      'Patricia',  '31003');

1 row inserted.

SQL> INSERT INTO Instr_List  (Instr_Num,           Instr_Address,     Instr_PhoneNum, Section_Num, Instr_LName, Instr_FName,  Instr_ZipCode)
  2      VALUES              (InstrNum_Seq.NEXTVAL,'106 Apple Street','111-222-3439', '6',         'Ingle',     'Tammy',      '31003');

1 row inserted.

SQL> INSERT INTO Instr_List  (Instr_Num,           Instr_Address,     Instr_PhoneNum, Section_Num, Instr_LName, Instr_FName, Instr_ZipCode)
  2      VALUES              (InstrNum_Seq.NEXTVAL,'107 Apple Street','111-222-3440', '7',         'Jordan',    'Keith',     '31003');

1 row inserted.

SQL> INSERT INTO Instr_List  (Instr_Num,           Instr_Address,     Instr_PhoneNum, Section_Num, Instr_LName, Instr_FName, Instr_ZipCode)
  2      VALUES              (InstrNum_Seq.NEXTVAL,'108 Apple Street','111-222-3441', '8',         'Cooper',    'Adam',      '31003');

1 row inserted.

SQL> INSERT INTO Instr_List  (Instr_Num,           Instr_Address,     Instr_PhoneNum, Section_Num, Instr_LName, Instr_FName, Instr_ZipCode)
  2      VALUES              (InstrNum_Seq.NEXTVAL,'109 Apple Street','111-222-3442', '9',         'McCoy',     'Amber',     '31003');

1 row inserted.

SQL> INSERT INTO Instr_List  (Instr_Num,           Instr_Address,     Instr_PhoneNum, Section_Num, Instr_LName, Instr_FName, Instr_ZipCode)
  2      VALUES              (InstrNum_Seq.NEXTVAL,'110 Apple Street','111-222-3443', '10',        'Fuller',    'Jana',      '31003');

1 row inserted.

SQL> INSERT INTO Instr_List  (Instr_Num,           Instr_Address,     Instr_PhoneNum, Section_Num, Instr_LName, Instr_FName, Instr_ZipCode)
  2      VALUES              (InstrNum_Seq.NEXTVAL,'111 Apple Street','111-222-3444', '10',        'Xavier',    'Mark',      '31003');

1 row inserted.

SQL> 
SQL> INSERT INTO Course_List (Course_Num,            Course_Name,                Admin_Num , Course_Desc,                       Course_Hours, Section_Num)
  2      VALUES              (CourseNum_Seq.NEXTVAL, 'Intro to Computer Science',1,             'Intro to Computer Science','3',          '1');

1 row inserted.

SQL> INSERT INTO Course_List (Course_Num,            Course_Name,                Admin_Num , Course_Desc,                       Course_Hours, Section_Num)
  2      VALUES              (CourseNum_Seq.NEXTVAL, 'Intro to Art',2,              'Intro to Art','3',          '2');

1 row inserted.

SQL> INSERT INTO Course_List (Course_Num,            Course_Name,                Admin_Num , Course_Desc,                       Course_Hours, Section_Num)
  2      VALUES              (CourseNum_Seq.NEXTVAL, 'Intro to Aircraft mechanics',3,              'Intro to Aircraft mechanics','3',          '3');

1 row inserted.

SQL> INSERT INTO Course_List (Course_Num,            Course_Name,                Admin_Num , Course_Desc,                       Course_Hours, Section_Num)
  2      VALUES              (CourseNum_Seq.NEXTVAL, 'Intro to Robotics',4,            'Intro to Robotics','3',          '4');

1 row inserted.

SQL> INSERT INTO Course_List (Course_Num,            Course_Name,                Admin_Num , Course_Desc,                       Course_Hours, Section_Num)
  2      VALUES              (CourseNum_Seq.NEXTVAL, 'Intro to Databases',5,                  'Intro to Databases','3',          '5');

1 row inserted.

SQL> INSERT INTO Course_List (Course_Num,            Course_Name,                Admin_Num , Course_Desc,                       Course_Hours, Section_Num)
  2      VALUES              (CourseNum_Seq.NEXTVAL, 'Advanced English',6,             'Advanced English','3',          '6');

1 row inserted.

SQL> INSERT INTO Course_List (Course_Num,            Course_Name,                Admin_Num , Course_Desc,                       Course_Hours, Section_Num)
  2      VALUES              (CourseNum_Seq.NEXTVAL, 'Intro to Physics',7,              'Intro to Physics','3',          '7');

1 row inserted.

SQL> INSERT INTO Course_List (Course_Num,            Course_Name,                Admin_Num , Course_Desc,                       Course_Hours, Section_Num)
  2      VALUES              (CourseNum_Seq.NEXTVAL, 'Intro to Chemistry',8,              'Intro to Chemistry','3',          '8');

1 row inserted.

SQL> INSERT INTO Course_List (Course_Num,            Course_Name,                Admin_Num , Course_Desc,                       Course_Hours, Section_Num)
  2      VALUES              (CourseNum_Seq.NEXTVAL, 'Intro to Spanish',9,              'Intro to Spanish','3',          '9');

1 row inserted.

SQL> INSERT INTO Course_List (Course_Num,            Course_Name,                Admin_Num , Course_Desc,                       Course_Hours, Section_Num)
  2      VALUES              (CourseNum_Seq.NEXTVAL, 'Automotive mechanics Intro',10,               'Automotive mechanics Intro','3',          '10');

1 row inserted.

SQL> INSERT INTO Course_List (Course_Num,            Course_Name,                Admin_Num , Course_Desc,                       Course_Hours, Section_Num)
  2      VALUES              (CourseNum_Seq.NEXTVAL, 'Advanced Robotics',11,               'Advanced Robotics','6',          '4');

1 row inserted.

SQL> 
SQL> INSERT INTO Class_Sched (Sched_Num,           Sched_Day,     Sched_Time, Sched_Day_Off, Sched_Notes)
  2      VALUES              (SchedNum_Seq.NEXTVAL,'Mon-Tues-Wed','0900-1100','Oct. 13th',   'This is the one of the main schedules');

1 row inserted.

SQL> INSERT INTO Class_Sched (Sched_Num,           Sched_Day,      Sched_Time, Sched_Day_Off, Sched_Notes)
  2      VALUES              (SchedNum_Seq.NEXTVAL,'Mon-Tues-Thur','0900-1100','Oct. 13th',   'This is the one of the main schedules');

1 row inserted.

SQL> INSERT INTO Class_Sched (Sched_Num,           Sched_Day, Sched_Time, Sched_Day_Off, Sched_Notes)
  2      VALUES              (SchedNum_Seq.NEXTVAL,'Mon-Wed','1000-1200','Oct. 14th',   'This is the one of the main schedules');

1 row inserted.

SQL> INSERT INTO Class_Sched (Sched_Num,           Sched_Day,     Sched_Time, Sched_Day_Off, Sched_Notes)
  2      VALUES              (SchedNum_Seq.NEXTVAL,'Mon-Wed-Fri','1000-1200','Oct. 15th',   'This a alternative schedules');

1 row inserted.

SQL> INSERT INTO Class_Sched (Sched_Num,           Sched_Day, Sched_Time, Sched_Day_Off, Sched_Notes)
  2      VALUES              (SchedNum_Seq.NEXTVAL,'Mon-Tues','0800-0900','Oct. 16th',   'This a alternative schedules');

1 row inserted.

SQL> INSERT INTO Class_Sched (Sched_Num,           Sched_Day,  Sched_Time, Sched_Day_Off, Sched_Notes)
  2      VALUES              (SchedNum_Seq.NEXTVAL,'Tues-Wed','1300-1500','Oct. 17th',   'This a alternative schedules');

1 row inserted.

SQL> INSERT INTO Class_Sched (Sched_Num,           Sched_Day,  Sched_Time, Sched_Day_Off, Sched_Notes)
  2      VALUES              (SchedNum_Seq.NEXTVAL,'Thur-Fri','1300-1500','Oct. 18th',   'This a alternative schedules');

1 row inserted.

SQL> INSERT INTO Class_Sched (Sched_Num,           Sched_Day, Sched_Time, Sched_Day_Off, Sched_Notes)
  2      VALUES              (SchedNum_Seq.NEXTVAL,'Wed-Fri','1600-1800','Oct. 19th',   'This a alternative schedules');

1 row inserted.

SQL> INSERT INTO Class_Sched (Sched_Num,           Sched_Day, Sched_Time, Sched_Day_Off, Sched_Notes)
  2      VALUES              (SchedNum_Seq.NEXTVAL,'Sat',     '0900-1100','Oct. 20th',   'Weekend Schedule');

1 row inserted.

SQL> INSERT INTO Class_Sched (Sched_Num,           Sched_Day, Sched_Time, Sched_Day_Off, Sched_Notes)
  2      VALUES              (SchedNum_Seq.NEXTVAL,'Sun',     '0900-1100','Oct. 21st',   'Weekend Schedule');

1 row inserted.

SQL> INSERT INTO Class_Sched (Sched_Num,           Sched_Day, Sched_Time, Sched_Day_Off, Sched_Notes)
  2      VALUES              (SchedNum_Seq.NEXTVAL,'Mon',     '0900-0930','6 days a week',   'Beta');

1 row inserted.

SQL> INSERT INTO Class_Sched (Sched_Num,           Sched_Day, Sched_Time, Sched_Day_Off, Sched_Notes)
  2      VALUES              (SchedNum_Seq.NEXTVAL,'Tues',     '1100-1115','6 days a week',   'Beta');

1 row inserted.

SQL> 
SQL> INSERT INTO Instr_Classes (Instr_Num, Sched_Num, Course_Num, Class_Notes,                        Class_Room)
  2      VALUES                ('1',       '1',       '1',        'Computer one broke','A');

1 row inserted.

SQL> INSERT INTO Instr_Classes (Instr_Num, Sched_Num, Course_Num, Class_Notes, Class_Room)
  2      VALUES                ('2',       '2',       '2',        'Room Ready','B');

1 row inserted.

SQL> INSERT INTO Instr_Classes (Instr_Num, Sched_Num, Course_Num, Class_Notes,                    Class_Room)
  2      VALUES                ('3',       '3',       '3',        'Instructor Chair broke','C');

1 row inserted.

SQL> INSERT INTO Instr_Classes (Instr_Num, Sched_Num, Course_Num, Class_Notes,         Class_Room)
  2      VALUES                ('4',       '4',       '4',        'A/C not working','D');

1 row inserted.

SQL> INSERT INTO Instr_Classes (Instr_Num, Sched_Num, Course_Num, Class_Notes,                         Class_Room)
  2      VALUES                ('5',       '5',       '5',        'Computer two broke','E');

1 row inserted.

SQL> INSERT INTO Instr_Classes (Instr_Num, Sched_Num, Course_Num, Class_Notes,                 Class_Room)
  2      VALUES                ('6',       '6',       '6',        'No whiteboard','F');

1 row inserted.

SQL> INSERT INTO Instr_Classes (Instr_Num, Sched_Num, Course_Num, Class_Notes,                              Class_Room)
  2      VALUES                ('7',       '7',       '7',        'station 3 missing keyboard','G');

1 row inserted.

SQL> INSERT INTO Instr_Classes (Instr_Num, Sched_Num, Course_Num, Class_Notes, Class_Room)
  2      VALUES                ('8',       '8',       '8',        'Room Ready','H');

1 row inserted.

SQL> INSERT INTO Instr_Classes (Instr_Num, Sched_Num, Course_Num, Class_Notes, Class_Room)
  2      VALUES                ('9',       '9',       '9',        'Room Ready','I');

1 row inserted.

SQL> INSERT INTO Instr_Classes (Instr_Num, Sched_Num, Course_Num,    Class_Notes, Class_Room)
  2      VALUES                ('10',       '10',       '10',        'Room Ready','J');

1 row inserted.

SQL> INSERT INTO Instr_Classes (Instr_Num, Sched_Num, Course_Num,    Class_Notes, Class_Room)
  2      VALUES                ('10',       '9',       '10',        'Room Ready','J');

1 row inserted.

SQL> INSERT INTO Instr_Classes (Instr_Num, Sched_Num, Course_Num,  Class_Notes, Class_Room)
  2      VALUES                ('9',       '8',       '10',        'Room Ready','X');

1 row inserted.

SQL> INSERT INTO Instr_Classes (Instr_Num, Sched_Num, Course_Num, Class_Notes, Class_Room)
  2      VALUES                ('1',       '2',       '9',        'Room Ready','Z');

1 row inserted.

SQL> 
SQL> 
SQL> INSERT INTO Student_Class_Signup (Student_Num, Instr_Num, Sched_Num,  Student_Grade)
  2      VALUES                (1, 1, 1,  'A');

1 row inserted.

SQL> INSERT INTO Student_Class_Signup (Student_Num, Instr_Num, Sched_Num,  Student_Grade)
  2      VALUES                (1, 2, 2,  'B');

1 row inserted.

SQL> INSERT INTO Student_Class_Signup (Student_Num, Instr_Num, Sched_Num,  Student_Grade)
  2      VALUES                (2, 3, 3,  'A');

1 row inserted.

SQL> INSERT INTO Student_Class_Signup (Student_Num, Instr_Num, Sched_Num,  Student_Grade)
  2      VALUES                (3, 3, 3,  'C');

1 row inserted.

SQL> INSERT INTO Student_Class_Signup (Student_Num, Instr_Num, Sched_Num,Student_Grade)
  2      VALUES                (4, 4, 4,  'C');

1 row inserted.

SQL> INSERT INTO Student_Class_Signup (Student_Num, Instr_Num, Sched_Num, Student_Grade)
  2      VALUES                (5, 5, 5,  'B');

1 row inserted.

SQL> INSERT INTO Student_Class_Signup (Student_Num, Instr_Num, Sched_Num, Student_Grade)
  2      VALUES                (6, 6, 6,  'D');

1 row inserted.

SQL> INSERT INTO Student_Class_Signup (Student_Num, Instr_Num, Sched_Num,  Student_Grade)
  2      VALUES                (7, 7, 7,  'F');

1 row inserted.

SQL> INSERT INTO Student_Class_Signup (Student_Num, Instr_Num, Sched_Num,  Student_Grade)
  2      VALUES                (8, 8, 8,  '');

1 row inserted.

SQL> INSERT INTO Student_Class_Signup (Student_Num, Instr_Num, Sched_Num,  Student_Grade)
  2      VALUES                (9, 9, 9,  'A');

1 row inserted.

SQL> INSERT INTO Student_Class_Signup (Student_Num, Instr_Num, Sched_Num,  Student_Grade)
  2      VALUES                (10, 10, 10,  'A');

1 row inserted.

SQL> 
SQL> commit;

Commit complete.

SQL> 
SQL> /* Verify that each table has 10 or more rows of data */
SQL> 
SQL> SELECT  * FROM Section_Info;
SECTION_NUM   SECTION_NAME               SECTION_ADDRESS      SECTION_FOS            SECTION_ZIPCODE   
            1 Computer Science Section   110 Finegand Place   Computer Science       31088             
            2 Art Section                111 Finegand Place   Art                    31088             
            3 Aircraft Section           112 Finegand Place   Aircraft               31088             
            4 Robotic Section            113 Finegand Place   Robotics               31088             
            5 Database Section           114 Finegand Place   Database Technology    31088             
            6 English Section            115 Finegand Place   English language       31088             
            7 Physics Section            116 Finegand Place   Physics                31088             
            8 Chemistry Section          117 Finegand Place   Chemistry              31088             
            9 Spanish Section            118 Finegand Place   Spanish language       31088             
           10 Automotive Section         119 Finegand Place   Automotive Mechanics   31088             
           11 Space Travel Section       120 Finegand Place   Space Travel           31088             


11 rows selected. 

SQL> SELECT  * FROM Instr_List;
INSTR_NUM   INSTR_ADDRESS      INSTR_PHONENUM   SECTION_NUM   INSTR_LNAME   INSTR_FNAME   INSTR_ZIPCODE   
          1 101 Apple Street   111-222-3434                 1 Roberts       John          31003           
          2 102 Apple Street   111-222-3435                 2 Russell       Brandon       31003           
          3 103 Apple Street   111-222-3436                 3 Lopez         Mike          31003           
          4 104 Apple Street   111-222-3437                 4 Monteor       Jim           31003           
          5 105 Apple Street   111-222-3438                 5 Hamm          Patricia      31003           
          6 106 Apple Street   111-222-3439                 6 Ingle         Tammy         31003           
          7 107 Apple Street   111-222-3440                 7 Jordan        Keith         31003           
          8 108 Apple Street   111-222-3441                 8 Cooper        Adam          31003           
          9 109 Apple Street   111-222-3442                 9 McCoy         Amber         31003           
         10 110 Apple Street   111-222-3443                10 Fuller        Jana          31003           
         11 111 Apple Street   111-222-3444                10 Xavier        Mark          31003           


11 rows selected. 

SQL> SELECT  * FROM Admin_List;
ADMIN_NUM   ADMIN_ADDRESS     ADMIN_PHONENUM   SECTION_NUM   ADMIN_LNAME   ADMIN_FNAME   ADMIN_ZIPCODE   
          1 501 Orange Park   111-333-3434                 1 Evans         Bob           31004           
          2 502 Orange Park   111-333-3435                 2 Johnson       Mike          31004           
          3 503 Orange Park   111-333-3436                 3 Jenkins       Mary          31004           
          4 504 Orange Park   111-333-3437                 4 Russell       Jim           31004           
          5 505 Orange Park   111-333-3438                 5 Bargueno      Patricia      31004           
          6 506 Orange Park   111-333-3439                 6 Hopkins       John          31004           
          7 507 Orange Park   111-333-3440                 7 Smith         Will          31004           
          8 508 Orange Park   111-333-3441                 8 Brown         Adam          31004           
          9 509 Orange Park   111-333-3442                 9 Williams      Shane         31004           
         10 510 Orange Park   111-333-3443                10 Robins        Amber         31004           
         11 511 Orange Park   111-333-3444                 4 Hawkins       Tim           31004           


11 rows selected. 

SQL> SELECT  * FROM Student_List;
STUDENT_NUM   STUDENT_ADDRESS   STUDENT_PHONENUM   STUDENT_LNAME   STUDENT_FNAME   STUDENT_ZIPCODE   
            1 Dorm 1            222-333-3434       Gilbert         Sarah           31005             
            2 Dorm 2            222-333-3435       Myers           James           31005             
            3 Dorm 3            222-333-3436       Howard          Rico            31005             
            4 Dorm 4            222-333-3437       Bush            Donald          31005             
            5 Dorm 5            222-333-3438       Simmons         Bill            31005             
            6 Dorm 6            222-333-3439       Aultman         Richard         31005             
            7 Dorm 7            222-333-3440       Ruger           Victoria        31005             
            8 Dorm 8            222-333-3441       Thomas          Melissa         31005             
            9 Dorm 9            222-333-3442       Synder          Jennifer        31005             
           10 Dorm 10           222-333-3443       Baker           Elizabeth       31005             
           11 Dorm 11           222-333-3444       Pines           Matt            31005             


11 rows selected. 

SQL> SELECT  * FROM Course_List;
COURSE_NUM   COURSE_NAME                   ADMIN_NUM   COURSE_DESC                   COURSE_HOURS   SECTION_NUM   
           1 Intro to Computer Science               1 Intro to Computer Science                  3             1 
           2 Intro to Art                            2 Intro to Art                               3             2 
           3 Intro to Aircraft mechanics             3 Intro to Aircraft mechanics                3             3 
           4 Intro to Robotics                       4 Intro to Robotics                          3             4 
           5 Intro to Databases                      5 Intro to Databases                         3             5 
           6 Advanced English                        6 Advanced English                           3             6 
           7 Intro to Physics                        7 Intro to Physics                           3             7 
           8 Intro to Chemistry                      8 Intro to Chemistry                         3             8 
           9 Intro to Spanish                        9 Intro to Spanish                           3             9 
          10 Automotive mechanics Intro             10 Automotive mechanics Intro                 3            10 
          11 Advanced Robotics                      11 Advanced Robotics                          6             4 


11 rows selected. 

SQL> SELECT  * FROM Class_Sched;
SCHED_NUM   SCHED_DAY       SCHED_TIME   SCHED_DAY_OFF   SCHED_NOTES                             
          1 Mon-Tues-Wed    0900-1100    Oct. 13th       This is the one of the main schedules   
          2 Mon-Tues-Thur   0900-1100    Oct. 13th       This is the one of the main schedules   
          3 Mon-Wed         1000-1200    Oct. 14th       This is the one of the main schedules   
          4 Mon-Wed-Fri     1000-1200    Oct. 15th       This a alternative schedules            
          5 Mon-Tues        0800-0900    Oct. 16th       This a alternative schedules            
          6 Tues-Wed        1300-1500    Oct. 17th       This a alternative schedules            
          7 Thur-Fri        1300-1500    Oct. 18th       This a alternative schedules            
          8 Wed-Fri         1600-1800    Oct. 19th       This a alternative schedules            
          9 Sat             0900-1100    Oct. 20th       Weekend Schedule                        
         10 Sun             0900-1100    Oct. 21st       Weekend Schedule                        
         11 Mon             0900-0930    6 days a week   Beta                                    
         12 Tues            1100-1115    6 days a week   Beta                                    


12 rows selected. 

SQL> 
SQL> SELECT  * FROM Instr_Classes;
INSTR_NUM   SCHED_NUM   COURSE_NUM   CLASS_NOTES                  CLASS_ROOM   
          1           1            1 Computer one broke           A            
          2           2            2 Room Ready                   B            
          3           3            3 Instructor Chair broke       C            
          4           4            4 A/C not working              D            
          5           5            5 Computer two broke           E            
          6           6            6 No whiteboard                F            
          7           7            7 station 3 missing keyboard   G            
          8           8            8 Room Ready                   H            
          9           9            9 Room Ready                   I            
         10          10           10 Room Ready                   J            
         10           9           10 Room Ready                   J            
          9           8           10 Room Ready                   X            
          1           2            9 Room Ready                   Z            


13 rows selected. 

SQL> SELECT  * FROM Student_Class_Signup;
STUDENT_NUM   INSTR_NUM   SCHED_NUM   STUDENT_GRADE   
            1           1           1 A               
            1           2           2 B               
            2           3           3 A               
            3           3           3 C               
            4           4           4 C               
            5           5           5 B               
            6           6           6 D               
            7           7           7 F               
            8           8           8                 
            9           9           9 A               
           10          10          10 A               


11 rows selected. 

Connection created by CONNECT script command disconnected
